order_id,order_date,customer_id,region,product_category,product,quantity,unit_price,discount,payment_method,customer_rating,returned
1001,2025-01-05,C001,London,Electronics,Headphones,2,45.00,0.10,Card,5,No
1002,2025-01-07,C002,Manchester,Clothing,T-Shirt,3,18.00,0.00,PayPal,4,No
1003,2025-01-08,C003,Birmingham,Home,Coffee Maker,1,65.00,0.15,Card,3,Yes
1004,2025-01-12,C004,London,Electronics,Keyboard,1,55.00,0.05,Card,5,No
1005,2025-01-15,C005,Leeds,Clothing,Jeans,2,40.00,0.20,PayPal,2,Yes
1006,2025-01-18,C006,Bristol,Home,Lamp,2,25.00,0.00,Cash,4,No
1007,2025-01-21,C007,London,Electronics,Mouse,3,22.00,0.10,Card,4,No
1008,2025-01-25,C008,Manchester,Clothing,Jacket,1,75.00,0.05,Card,3,Yes
1009,2025-01-29,C009,Glasgow,Heating,Heater,2,115.00,0.00,Cash,3,Yes
1010,2025-01-30,C010,Aberdeen,Stationary,Ruler,1,5.00,0.00,Card,2,No
1011,2025-01-31,C011,Ghana,Utensils,Pot,3,10.00,0.08,Transfer,3,yes
1012,2025-01-32,C012,Spain,Bottle,Cup,5,15.00.0.06,Cash,4,No
1013,2025-01-32,CO12,Russia,Drink,milk,4,30.00.0.04,transfer,3,yes
